Trajectory,Regular
2.9699999999999998,2.9699999999999998
2.9699999999999998,2.9699999999999998
3.9599999999999995,2.31
1.98,3.465
2.9699999999999998,1.98
2.0,2.0
