avg_episode_len,cycle,loss,reward
0.076,0,0.0,0.0
7.8340000000000005,100,0.0009489512431449965,0.011
avg_episode_len,cycle,loss,reward
0.327,0,0.0,0.0
