cycle,reward,avg_episode_len,loss
0,0.0,0.055,0.0
100,0.017,7.593999999999999,0.002321705924433703
200,0.015000000000000003,8.455000000000002,0.001612221951837353
300,0.022000000000000006,8.918999999999997,0.0026126083841839357
