avg_episode_len,cycle,loss,reward
0.322,0,0.0,0.0
32.57000000000002,100,0.0,0.0
34.534,200,0.0,0.0
38.51900000000001,300,0.0,0.0
38.91200000000001,400,0.0,0.0
42.522000000000006,500,0.0,0.0
44.91000000000001,600,0.0,0.0
46.501999999999995,700,0.0,0.0
49.672000000000004,800,0.0,0.0
52.763000000000005,900,0.0,0.0
54.657,1000,0.0,0.0
