avg_episode_len,cycle,loss,reward
0.325,0,0.0,0.0
32.055,100,0.0,0.001
36.18500000000001,200,5e-05,0.0
36.59399999999998,300,0.0,0.001
40.160999999999994,400,0.0,0.0
42.673,500,0.0,0.0
44.55199999999999,600,0.0,0.0
48.92799999999998,700,0.0,0.0
50.053999999999995,800,0.0,0.0
51.312999999999995,900,0.0,0.0
