avg_episode_len,cycle,loss,reward
0.08199999999999999,0,0.002322743986174464,0.0
