avg_episode_len,cycle,loss,reward
0.35,0,0.0,0.0
32.458999999999996,100,0.0,0.0
33.695,200,0.0,0.0
36.845999999999975,300,0.0,0.0
39.079000000000015,400,0.0,0.0
35.62299999999999,500,0.00019722043716734804,0.004
32.625,600,4.0467901199749364e-07,0.0
34.773999999999994,700,1.5416321688047512e-07,0.0
32.512,800,4.766415737461064e-05,0.001
34.47599999999999,900,9.956924601880943e-05,0.002
