cycle,reward,avg_episode_len,loss
0,0.0,0.066,0.0
100,0.014000000000000002,7.697000000000003,0.001806834000879213
200,0.027000000000000007,8.142999999999997,0.0030546471545405984
300,0.032000000000000015,8.745,0.002984080284250062
400,0.029000000000000012,8.777,0.0031330034307577538
500,0.02800000000000001,9.773000000000003,0.0030607226098614253
600,0.039000000000000014,11.355000000000002,0.004793247718308084
700,0.05899999999999998,12.437000000000005,0.006487354222137065
800,0.058999999999999976,12.578999999999999,0.007333192622905655
