avg_episode_len,cycle,loss,reward
0.196,0,0.0,0.0
32.56400000000001,100,0.0,0.0
33.84000000000001,200,0.0,0.0
32.305000000000014,300,0.0002444706590771787,0.005
31.479,400,0.0002857412011900982,0.006
31.719999999999985,500,0.0005476733456516857,0.013000000000000001
36.41300000000002,600,0.0003495398139441642,0.008
36.888000000000005,700,0.0006022254308510669,0.016000000000000004
36.54,800,0.0006616425974555845,0.015
38.10999999999999,900,0.0009162445228573523,0.023000000000000007
