cycle,reward,avg_episode_len,loss
0,0.0,0.08,0.0
100,0.011,7.66,0.0001
200,0.013000000000000001,7.480999999999999,0.0
300,0.017000000000000005,9.11,0.0
