avg_episode_len,cycle,loss,reward
0.41200000000000003,0,0.0,0.0
31.747000000000007,100,0.0,0.0
32.27100000000001,200,0.00029626270700023016,0.006
31.980999999999995,300,9.567149101729087e-05,0.001
31.828999999999997,400,0.00022324728108557461,0.0030000000000000005
