avg_episode_len,cycle,loss,reward
0.07400000000000001,0,0.0006733956971205771,0.001
