avg_episode_len,cycle,loss,reward
0.237,0,0.0,0.0
32.059,100,0.0,0.0
34.71399999999998,200,0.0,0.0
37.617999999999995,300,0.0,0.0
38.57299999999999,400,0.0,0.001
41.996,500,0.0,0.0
42.39899999999999,600,0.0,0.0
47.44699999999999,700,0.0,0.0
50.89300000000001,800,0.0,0.0
52.18699999999999,900,0.0,0.0
