cycle,reward,avg_episode_len
0,0.0,0.094
100,0.019000000000000006,7.6960000000000015
